vectorWords,vectorNumbers
Acarbose_,1
Acarbose_analogueBasalInsulin_analogueBDmixInsulin_analoguePrandialInsulin_Metformin_,2
Acarbose_analogueBasalInsulin_analoguePrandialInsulin_Metformin_,3
Acarbose_analogueBasalInsulin_Metformin_,4
Acarbose_analogueBasalInsulin_Metformin_SU_,5
Acarbose_analogueBDmixInsulin_Metformin_,6
Acarbose_analoguePrandialInsulin_GLP1_Metformin_,7
Acarbose_analoguePrandialInsulin_Metformin_,8
Acarbose_DPP4_,9
Acarbose_DPP4_GLP1_Metformin_SGLT2_SU_,10
Acarbose_DPP4_GLP1_Metformin_SU_,11
Acarbose_DPP4_GLP1_MetforminTZD_,12
Acarbose_DPP4_GLP1_SU_,13
Acarbose_DPP4_humanBDmixInsulin_,14
Acarbose_DPP4_Metformin_,15
Acarbose_DPP4_Metformin_SGLT2_SU_,16
Acarbose_DPP4_Metformin_SU_,17
Acarbose_DPP4_Metformin_SU_TZD_,18
Acarbose_DPP4_MetforminTZD_,19
Acarbose_DPP4_MetforminTZD_SU_,20
Acarbose_DPP4_SU_,21
Acarbose_DPP4_SU_TZD_,22
Acarbose_DPP4_TZD_,23
Acarbose_DPP4Metformin_Metformin_SU_TZD_,24
Acarbose_DPP4Metformin_SU_,25
Acarbose_GLP1_,26
Acarbose_GLP1_humanBDmixInsulin_Metformin_,27
Acarbose_GLP1_Metformin_,28
Acarbose_GLP1_Metformin_SU_,29
Acarbose_GLP1_Metformin_TZD_,30
Acarbose_GLP1_SU_,31
Acarbose_humanBDmixInsulin_,32
Acarbose_humanBDmixInsulin_Metformin_,33
Acarbose_humanBDmixInsulin_SU_,34
Acarbose_meglitinide_,35
Acarbose_meglitinide_Metformin_,36
Acarbose_Metformin_,37
Acarbose_Metformin_MetforminTZD_,38
Acarbose_Metformin_MetforminTZD_TZD_,39
Acarbose_Metformin_SU_,40
Acarbose_Metformin_SU_TZD_,41
Acarbose_Metformin_TZD_,42
Acarbose_MetforminTZD_,43
Acarbose_MetforminTZD_SU_,44
Acarbose_SU_,45
Acarbose_SU_TZD_,46
Acarbose_TZD_,47
analogueBasalInsulin_,48
analogueBasalInsulin_analogueBDmixInsulin_,49
analogueBasalInsulin_analogueBDmixInsulin_analoguePrandialInsulin_,50
analogueBasalInsulin_analogueBDmixInsulin_analoguePrandialInsulin_DPP4_,51
analogueBasalInsulin_analogueBDmixInsulin_analoguePrandialInsulin_DPP4_Metformin_,52
analogueBasalInsulin_analogueBDmixInsulin_analoguePrandialInsulin_DPP4_Metformin_SU_,53
analogueBasalInsulin_analogueBDmixInsulin_analoguePrandialInsulin_DPP4_SU_,54
analogueBasalInsulin_analogueBDmixInsulin_analoguePrandialInsulin_GLP1_,55
analogueBasalInsulin_analogueBDmixInsulin_analoguePrandialInsulin_GLP1_Metformin_,56
analogueBasalInsulin_analogueBDmixInsulin_analoguePrandialInsulin_humanBasalInsulin_,57
analogueBasalInsulin_analogueBDmixInsulin_analoguePrandialInsulin_humanBasalInsulin_Metformin_,58
analogueBasalInsulin_analogueBDmixInsulin_analoguePrandialInsulin_humanBDmixInsulin_,59
analogueBasalInsulin_analogueBDmixInsulin_analoguePrandialInsulin_humanPrandialInsulin_,60
analogueBasalInsulin_analogueBDmixInsulin_analoguePrandialInsulin_Metformin_,61
analogueBasalInsulin_analogueBDmixInsulin_analoguePrandialInsulin_Metformin_SU_,62
analogueBasalInsulin_analogueBDmixInsulin_analoguePrandialInsulin_Metformin_SU_TZD_,63
analogueBasalInsulin_analogueBDmixInsulin_analoguePrandialInsulin_SSRI_,64
analogueBasalInsulin_analogueBDmixInsulin_analoguePrandialInsulin_SU_,65
analogueBasalInsulin_analogueBDmixInsulin_analoguePrandialInsulin_TZD_,66
analogueBasalInsulin_analogueBDmixInsulin_DPP4_,67
analogueBasalInsulin_analogueBDmixInsulin_DPP4_Metformin_SU_,68
analogueBasalInsulin_analogueBDmixInsulin_GLP1_,69
analogueBasalInsulin_analogueBDmixInsulin_GLP1_Metformin_,70
analogueBasalInsulin_analogueBDmixInsulin_GLP1_Metformin_SGLT2_,71
analogueBasalInsulin_analogueBDmixInsulin_GLP1_Metformin_SU_,72
analogueBasalInsulin_analogueBDmixInsulin_GLP1_SU_,73
analogueBasalInsulin_analogueBDmixInsulin_humanBDmixInsulin_Metformin_SU_,74
analogueBasalInsulin_analogueBDmixInsulin_humanPrandialInsulin_,75
analogueBasalInsulin_analogueBDmixInsulin_humanPrandialInsulin_Metformin_,76
analogueBasalInsulin_analogueBDmixInsulin_Metformin_,77
analogueBasalInsulin_analogueBDmixInsulin_Metformin_SU_,78
analogueBasalInsulin_analogueBDmixInsulin_Metformin_TZD_,79
analogueBasalInsulin_analogueBDmixInsulin_SU_,80
analogueBasalInsulin_analoguePrandialInsulin_,81
analogueBasalInsulin_analoguePrandialInsulin_bovineInsulin_humanPrandialInsulin_,82
analogueBasalInsulin_analoguePrandialInsulin_DPP4_,83
analogueBasalInsulin_analoguePrandialInsulin_DPP4_DPP4Metformin_SGLT2_,84
analogueBasalInsulin_analoguePrandialInsulin_DPP4_GLP1_Metformin_,85
analogueBasalInsulin_analoguePrandialInsulin_DPP4_humanBasalInsulin_Metformin_,86
analogueBasalInsulin_analoguePrandialInsulin_DPP4_humanBDmixInsulin_,87
analogueBasalInsulin_analoguePrandialInsulin_DPP4_humanBDmixInsulin_Metformin_,88
analogueBasalInsulin_analoguePrandialInsulin_DPP4_humanBDmixInsulin_Metformin_SGLT2_,89
analogueBasalInsulin_analoguePrandialInsulin_DPP4_humanBDmixInsulin_Metformin_TZD_,90
analogueBasalInsulin_analoguePrandialInsulin_DPP4_Metformin_,91
analogueBasalInsulin_analoguePrandialInsulin_DPP4_Metformin_SGLT2_,92
analogueBasalInsulin_analoguePrandialInsulin_DPP4_Metformin_SU_,93
analogueBasalInsulin_analoguePrandialInsulin_DPP4_Metformin_TZD_,94
analogueBasalInsulin_analoguePrandialInsulin_DPP4_SGLT2_,95
analogueBasalInsulin_analoguePrandialInsulin_DPP4_SU_,96
analogueBasalInsulin_analoguePrandialInsulin_DPP4_TZD_,97
analogueBasalInsulin_analoguePrandialInsulin_DPP4Metformin_,98
analogueBasalInsulin_analoguePrandialInsulin_DPP4Metformin_humanBDmixInsulin_,99
analogueBasalInsulin_analoguePrandialInsulin_DPP4Metformin_Metformin_,100
analogueBasalInsulin_analoguePrandialInsulin_DPP4Metformin_SGLT2_,101
analogueBasalInsulin_analoguePrandialInsulin_GLP1_,102
analogueBasalInsulin_analoguePrandialInsulin_GLP1_humanBasalInsulin_Metformin_,103
analogueBasalInsulin_analoguePrandialInsulin_GLP1_humanBDmixInsulin_Metformin_SU_,104
analogueBasalInsulin_analoguePrandialInsulin_GLP1_Metformin_,105
analogueBasalInsulin_analoguePrandialInsulin_GLP1_Metformin_SU_,106
analogueBasalInsulin_analoguePrandialInsulin_GLP1_Metformin_TZD_,107
analogueBasalInsulin_analoguePrandialInsulin_GLP1_SU_,108
analogueBasalInsulin_analoguePrandialInsulin_humanBasalInsulin_,109
analogueBasalInsulin_analoguePrandialInsulin_humanBasalInsulin_humanBDmixInsulin_,110
analogueBasalInsulin_analoguePrandialInsulin_humanBasalInsulin_humanBDmixInsulin_humanPrandialInsulin_Metformin_,111
analogueBasalInsulin_analoguePrandialInsulin_humanBasalInsulin_humanBDmixInsulin_Metformin_,112
analogueBasalInsulin_analoguePrandialInsulin_humanBasalInsulin_humanPrandialInsulin_,113
analogueBasalInsulin_analoguePrandialInsulin_humanBasalInsulin_humanPrandialInsulin_Metformin_,114
analogueBasalInsulin_analoguePrandialInsulin_humanBasalInsulin_Metformin_,115
analogueBasalInsulin_analoguePrandialInsulin_humanBasalInsulin_Metformin_SU_,116
analogueBasalInsulin_analoguePrandialInsulin_humanBasalInsulin_SSRI_,117
analogueBasalInsulin_analoguePrandialInsulin_humanBasalInsulin_SU_,118
analogueBasalInsulin_analoguePrandialInsulin_humanBDmixInsulin_,119
analogueBasalInsulin_analoguePrandialInsulin_humanBDmixInsulin_humanPrandialInsulin_,120
analogueBasalInsulin_analoguePrandialInsulin_humanBDmixInsulin_Metformin_,121
analogueBasalInsulin_analoguePrandialInsulin_humanBDmixInsulin_Metformin_SU_,122
analogueBasalInsulin_analoguePrandialInsulin_humanBDmixInsulin_Metformin_TZD_,123
analogueBasalInsulin_analoguePrandialInsulin_humanBDmixInsulin_SU_,124
analogueBasalInsulin_analoguePrandialInsulin_humanPrandialInsulin_,125
analogueBasalInsulin_analoguePrandialInsulin_humanPrandialInsulin_Metformin_,126
analogueBasalInsulin_analoguePrandialInsulin_meglitinide_,127
analogueBasalInsulin_analoguePrandialInsulin_meglitinide_Metformin_,128
analogueBasalInsulin_analoguePrandialInsulin_Metformin_,129
analogueBasalInsulin_analoguePrandialInsulin_Metformin_SGLT2_,130
analogueBasalInsulin_analoguePrandialInsulin_Metformin_SSRI_,131
analogueBasalInsulin_analoguePrandialInsulin_Metformin_SU_,132
analogueBasalInsulin_analoguePrandialInsulin_Metformin_SU_TZD_,133
analogueBasalInsulin_analoguePrandialInsulin_Metformin_TZD_,134
analogueBasalInsulin_analoguePrandialInsulin_porcineInsulin_,135
analogueBasalInsulin_analoguePrandialInsulin_SGLT2_,136
analogueBasalInsulin_analoguePrandialInsulin_SSRI_,137
analogueBasalInsulin_analoguePrandialInsulin_SU_,138
analogueBasalInsulin_analoguePrandialInsulin_SU_TZD_,139
analogueBasalInsulin_analoguePrandialInsulin_TZD_,140
analogueBasalInsulin_bovineInsulin_,141
analogueBasalInsulin_bovineInsulin_porcineInsulin_,142
analogueBasalInsulin_DPP4_,143
analogueBasalInsulin_DPP4_GLP1_,144
analogueBasalInsulin_DPP4_GLP1_Metformin_SU_,145
analogueBasalInsulin_DPP4_GLP1_Metformin_SU_TZD_,146
analogueBasalInsulin_DPP4_GLP1_MetforminTZD_SU_,147
analogueBasalInsulin_DPP4_GLP1_SU_,148
analogueBasalInsulin_DPP4_GLP1_SU_TZD_,149
analogueBasalInsulin_DPP4_humanBasalInsulin_Metformin_SU_,150
analogueBasalInsulin_DPP4_humanBasalInsulin_Metformin_TZD_,151
analogueBasalInsulin_DPP4_humanBasalInsulin_SU_,152
analogueBasalInsulin_DPP4_humanBasalInsulin_SU_TZD_,153
analogueBasalInsulin_DPP4_humanBDmixInsulin_,154
analogueBasalInsulin_DPP4_humanBDmixInsulin_Metformin_SU_,155
analogueBasalInsulin_DPP4_humanBDmixInsulin_SU_,156
analogueBasalInsulin_DPP4_humanPrandialInsulin_Metformin_SU_,157
analogueBasalInsulin_DPP4_Metformin_,158
analogueBasalInsulin_DPP4_Metformin_MetforminTZD_SU_,159
analogueBasalInsulin_DPP4_Metformin_SGLT2_,160
analogueBasalInsulin_DPP4_Metformin_SU_,161
analogueBasalInsulin_DPP4_Metformin_SU_TZD_,162
analogueBasalInsulin_DPP4_Metformin_TZD_,163
analogueBasalInsulin_DPP4_MetforminTZD_SU_,164
analogueBasalInsulin_DPP4_SGLT2_,165
analogueBasalInsulin_DPP4_SU_,166
analogueBasalInsulin_DPP4_SU_TZD_,167
analogueBasalInsulin_DPP4_TZD_,168
analogueBasalInsulin_DPP4Metformin_,169
analogueBasalInsulin_DPP4Metformin_humanBDmixInsulin_,170
analogueBasalInsulin_DPP4Metformin_humanBDmixInsulin_Metformin_,171
analogueBasalInsulin_DPP4Metformin_Metformin_,172
analogueBasalInsulin_DPP4Metformin_Metformin_SU_,173
analogueBasalInsulin_DPP4Metformin_SGLT2_SU_,174
analogueBasalInsulin_DPP4Metformin_SU_,175
analogueBasalInsulin_GLP1_,176
analogueBasalInsulin_GLP1_humanBasalInsulin_,177
analogueBasalInsulin_GLP1_humanBasalInsulin_Metformin_SGLT2_SU_,178
analogueBasalInsulin_GLP1_humanBasalInsulin_Metformin_SU_,179
analogueBasalInsulin_GLP1_humanBDmixInsulin_,180
analogueBasalInsulin_GLP1_humanBDmixInsulin_Metformin_,181
analogueBasalInsulin_GLP1_humanBDmixInsulin_Metformin_SU_,182
analogueBasalInsulin_GLP1_humanBDmixInsulin_SU_,183
analogueBasalInsulin_GLP1_humanPrandialInsulin_,184
analogueBasalInsulin_GLP1_humanPrandialInsulin_Metformin_,185
analogueBasalInsulin_GLP1_humanPrandialInsulin_SGLT2_,186
analogueBasalInsulin_GLP1_Metformin_,187
analogueBasalInsulin_GLP1_Metformin_MetforminTZD_,188
analogueBasalInsulin_GLP1_Metformin_SGLT2_,189
analogueBasalInsulin_GLP1_Metformin_SU_,190
analogueBasalInsulin_GLP1_Metformin_SU_TZD_,191
analogueBasalInsulin_GLP1_Metformin_TZD_,192
analogueBasalInsulin_GLP1_MetforminTZD_SU_,193
analogueBasalInsulin_GLP1_SU_,194
analogueBasalInsulin_GLP1_SU_TZD_,195
analogueBasalInsulin_GLP1_TZD_,196
analogueBasalInsulin_humanBasalInsulin_,197
analogueBasalInsulin_humanBasalInsulin_humanBDmixInsulin_humanPrandialInsulin_,198
analogueBasalInsulin_humanBasalInsulin_humanPrandialInsulin_,199
analogueBasalInsulin_humanBasalInsulin_humanPrandialInsulin_Metformin_,200
analogueBasalInsulin_humanBasalInsulin_meglitinide_Metformin_SU_,201
analogueBasalInsulin_humanBasalInsulin_Metformin_,202
analogueBasalInsulin_humanBasalInsulin_Metformin_SU_,203
analogueBasalInsulin_humanBasalInsulin_SU_,204
analogueBasalInsulin_humanBasalInsulin_SU_TZD_,205
analogueBasalInsulin_humanBDmixInsulin_,206
analogueBasalInsulin_humanBDmixInsulin_humanPrandialInsulin_,207
analogueBasalInsulin_humanBDmixInsulin_humanPrandialInsulin_Metformin_,208
analogueBasalInsulin_humanBDmixInsulin_Metformin_,209
analogueBasalInsulin_humanBDmixInsulin_Metformin_SU_,210
analogueBasalInsulin_humanBDmixInsulin_Metformin_SU_TZD_,211
analogueBasalInsulin_humanBDmixInsulin_Metformin_TZD_,212
analogueBasalInsulin_humanBDmixInsulin_SU_,213
analogueBasalInsulin_humanBDmixInsulin_SU_TZD_,214
analogueBasalInsulin_humanBDmixInsulin_TZD_,215
analogueBasalInsulin_humanPrandialInsulin_,216
analogueBasalInsulin_humanPrandialInsulin_Metformin_,217
analogueBasalInsulin_humanPrandialInsulin_Metformin_SGLT2_,218
analogueBasalInsulin_humanPrandialInsulin_Metformin_SU_TZD_,219
analogueBasalInsulin_humanPrandialInsulin_Metformin_TZD_,220
analogueBasalInsulin_humanPrandialInsulin_porcineInsulin_,221
analogueBasalInsulin_humanPrandialInsulin_SGLT2_,222
analogueBasalInsulin_humanPrandialInsulin_SU_,223
analogueBasalInsulin_humanPrandialInsulin_TZD_,224
analogueBasalInsulin_meglitinide_,225
analogueBasalInsulin_meglitinide_Metformin_,226
analogueBasalInsulin_Metformin_,227
analogueBasalInsulin_Metformin_MetforminTZD_,228
analogueBasalInsulin_Metformin_MetforminTZD_SU_,229
analogueBasalInsulin_Metformin_SGLT2_,230
analogueBasalInsulin_Metformin_SGLT2_SU_,231
analogueBasalInsulin_Metformin_SGLT2_SU_TZD_,232
analogueBasalInsulin_Metformin_SU_,233
analogueBasalInsulin_Metformin_SU_TZD_,234
analogueBasalInsulin_Metformin_TZD_,235
analogueBasalInsulin_MetforminTZD_,236
analogueBasalInsulin_MetforminTZD_SU_,237
analogueBasalInsulin_porcineInsulin_,238
analogueBasalInsulin_SGLT2_,239
analogueBasalInsulin_SGLT2_SU_,240
analogueBasalInsulin_SSRI_,241
analogueBasalInsulin_SU_,242
analogueBasalInsulin_SU_TZD_,243
analogueBasalInsulin_TZD_,244
analogueBDmixInsulin_,245
analogueBDmixInsulin_analoguePrandialInsulin_,246
analogueBDmixInsulin_analoguePrandialInsulin_DPP4_,247
analogueBDmixInsulin_analoguePrandialInsulin_DPP4_SU_,248
analogueBDmixInsulin_analoguePrandialInsulin_DPP4_SU_TZD_,249
analogueBDmixInsulin_analoguePrandialInsulin_GLP1_humanBasalInsulin_Metformin_,250
analogueBDmixInsulin_analoguePrandialInsulin_GLP1_Metformin_,251
analogueBDmixInsulin_analoguePrandialInsulin_GLP1_SGLT2_SU_,252
analogueBDmixInsulin_analoguePrandialInsulin_humanBasalInsulin_,253
analogueBDmixInsulin_analoguePrandialInsulin_humanBasalInsulin_humanBDmixInsulin_,254
analogueBDmixInsulin_analoguePrandialInsulin_humanBasalInsulin_Metformin_,255
analogueBDmixInsulin_analoguePrandialInsulin_humanBasalInsulin_Metformin_TZD_,256
analogueBDmixInsulin_analoguePrandialInsulin_humanBDmixInsulin_,257
analogueBDmixInsulin_analoguePrandialInsulin_humanBDmixInsulin_Metformin_,258
analogueBDmixInsulin_analoguePrandialInsulin_Metformin_,259
analogueBDmixInsulin_analoguePrandialInsulin_Metformin_SU_,260
analogueBDmixInsulin_analoguePrandialInsulin_Metformin_TZD_,261
analogueBDmixInsulin_analoguePrandialInsulin_SU_,262
analogueBDmixInsulin_DPP4_,263
analogueBDmixInsulin_DPP4_DPP4Metformin_Metformin_,264
analogueBDmixInsulin_DPP4_GLP1_,265
analogueBDmixInsulin_DPP4_GLP1_Metformin_,266
analogueBDmixInsulin_DPP4_GLP1_Metformin_SGLT2_,267
analogueBDmixInsulin_DPP4_humanBasalInsulin_Metformin_SU_,268
analogueBDmixInsulin_DPP4_humanBDmixInsulin_,269
analogueBDmixInsulin_DPP4_meglitinide_,270
analogueBDmixInsulin_DPP4_meglitinide_SSRI_,271
analogueBDmixInsulin_DPP4_meglitinide_SU_,272
analogueBDmixInsulin_DPP4_Metformin_,273
analogueBDmixInsulin_DPP4_Metformin_SGLT2_,274
analogueBDmixInsulin_DPP4_Metformin_SU_,275
analogueBDmixInsulin_DPP4_Metformin_SU_TZD_,276
analogueBDmixInsulin_DPP4_Metformin_TZD_,277
analogueBDmixInsulin_DPP4_SGLT2_,278
analogueBDmixInsulin_DPP4_SU_,279
analogueBDmixInsulin_DPP4_SU_TZD_,280
analogueBDmixInsulin_DPP4_TZD_,281
analogueBDmixInsulin_DPP4Metformin_,282
analogueBDmixInsulin_DPP4Metformin_Metformin_,283
analogueBDmixInsulin_DPP4Metformin_SGLT2_,284
analogueBDmixInsulin_DPP4Metformin_SU_,285
analogueBDmixInsulin_GLP1_,286
analogueBDmixInsulin_GLP1_humanBasalInsulin_Metformin_,287
analogueBDmixInsulin_GLP1_humanBasalInsulin_Metformin_SU_,288
analogueBDmixInsulin_GLP1_humanBDmixInsulin_Metformin_,289
analogueBDmixInsulin_GLP1_humanPrandialInsulin_Metformin_,290
analogueBDmixInsulin_GLP1_Metformin_,291
analogueBDmixInsulin_GLP1_Metformin_SGLT2_,292
analogueBDmixInsulin_GLP1_Metformin_SU_,293
analogueBDmixInsulin_GLP1_Metformin_SU_TZD_,294
analogueBDmixInsulin_GLP1_Metformin_TZD_,295
analogueBDmixInsulin_GLP1_MetforminTZD_,296
analogueBDmixInsulin_GLP1_SGLT2_,297
analogueBDmixInsulin_GLP1_SU_,298
analogueBDmixInsulin_GLP1_TZD_,299
analogueBDmixInsulin_humanBasalInsulin_,300
analogueBDmixInsulin_humanBasalInsulin_humanBDmixInsulin_,301
analogueBDmixInsulin_humanBasalInsulin_humanPrandialInsulin_,302
analogueBDmixInsulin_humanBasalInsulin_humanPrandialInsulin_TZD_,303
analogueBDmixInsulin_humanBasalInsulin_Metformin_,304
analogueBDmixInsulin_humanBasalInsulin_Metformin_SU_,305
analogueBDmixInsulin_humanBasalInsulin_Metformin_TZD_,306
analogueBDmixInsulin_humanBasalInsulin_SU_,307
analogueBDmixInsulin_humanBDmixInsulin_,308
analogueBDmixInsulin_humanBDmixInsulin_humanPrandialInsulin_,309
analogueBDmixInsulin_humanBDmixInsulin_humanPrandialInsulin_Metformin_,310
analogueBDmixInsulin_humanBDmixInsulin_Metformin_,311
analogueBDmixInsulin_humanBDmixInsulin_Metformin_SU_,312
analogueBDmixInsulin_humanBDmixInsulin_MetforminTZD_,313
analogueBDmixInsulin_humanBDmixInsulin_SU_,314
analogueBDmixInsulin_humanBDmixInsulin_TZD_,315
analogueBDmixInsulin_humanPrandialInsulin_,316
analogueBDmixInsulin_humanPrandialInsulin_Metformin_,317
analogueBDmixInsulin_humanPrandialInsulin_SU_,318
analogueBDmixInsulin_humanPrandialInsulin_TZD_,319
analogueBDmixInsulin_Metformin_,320
analogueBDmixInsulin_Metformin_MetforminTZD_,321
analogueBDmixInsulin_Metformin_MetforminTZD_SU_,322
analogueBDmixInsulin_Metformin_SGLT2_,323
analogueBDmixInsulin_Metformin_SGLT2_SU_,324
analogueBDmixInsulin_Metformin_SGLT2_TZD_,325
analogueBDmixInsulin_Metformin_SU_,326
analogueBDmixInsulin_Metformin_SU_TZD_,327
analogueBDmixInsulin_Metformin_TZD_,328
analogueBDmixInsulin_MetforminTZD_,329
analogueBDmixInsulin_MetforminTZD_SU_,330
analogueBDmixInsulin_porcineInsulin_,331
analogueBDmixInsulin_SGLT2_,332
analogueBDmixInsulin_SGLT2_SU_,333
analogueBDmixInsulin_SGLT2_TZD_,334
analogueBDmixInsulin_SU_,335
analogueBDmixInsulin_SU_TZD_,336
analogueBDmixInsulin_TZD_,337
analoguePrandialInsulin_,338
analoguePrandialInsulin_bovineInsulin_porcineInsulin_,339
analoguePrandialInsulin_DPP4_,340
analoguePrandialInsulin_DPP4_DPP4Metformin_GLP1_,341
analoguePrandialInsulin_DPP4_GLP1_Metformin_,342
analoguePrandialInsulin_DPP4_humanBasalInsulin_,343
analoguePrandialInsulin_DPP4_humanBasalInsulin_Metformin_,344
analoguePrandialInsulin_DPP4_humanBasalInsulin_Metformin_SU_,345
analoguePrandialInsulin_DPP4_humanBasalInsulin_SU_,346
analoguePrandialInsulin_DPP4_humanBasalInsulin_SU_TZD_,347
analoguePrandialInsulin_DPP4_humanBasalInsulin_TZD_,348
analoguePrandialInsulin_DPP4_humanBDmixInsulin_,349
analoguePrandialInsulin_DPP4_Metformin_,350
analoguePrandialInsulin_DPP4_Metformin_SU_,351
analoguePrandialInsulin_DPP4_Metformin_TZD_,352
analoguePrandialInsulin_DPP4_SGLT2_,353
analoguePrandialInsulin_DPP4_SU_,354
analoguePrandialInsulin_DPP4_TZD_,355
analoguePrandialInsulin_DPP4Metformin_,356
analoguePrandialInsulin_DPP4Metformin_GLP1_Metformin_,357
analoguePrandialInsulin_DPP4Metformin_humanBasalInsulin_Metformin_SU_,358
analoguePrandialInsulin_DPP4Metformin_Metformin_,359
analoguePrandialInsulin_GLP1_,360
analoguePrandialInsulin_GLP1_humanBasalInsulin_,361
analoguePrandialInsulin_GLP1_humanBasalInsulin_Metformin_,362
analoguePrandialInsulin_GLP1_humanBasalInsulin_Metformin_SGLT2_,363
analoguePrandialInsulin_GLP1_humanBasalInsulin_SU_,364
analoguePrandialInsulin_GLP1_humanBDmixInsulin_Metformin_,365
analoguePrandialInsulin_GLP1_humanBDmixInsulin_Metformin_SU_,366
analoguePrandialInsulin_GLP1_Metformin_,367
analoguePrandialInsulin_GLP1_Metformin_SGLT2_,368
analoguePrandialInsulin_GLP1_Metformin_SU_,369
analoguePrandialInsulin_GLP1_Metformin_TZD_,370
analoguePrandialInsulin_GLP1_SGLT2_,371
analoguePrandialInsulin_GLP1_SU_,372
analoguePrandialInsulin_GLP1_TZD_,373
analoguePrandialInsulin_humanBasalInsulin_,374
analoguePrandialInsulin_humanBasalInsulin_humanBDmixInsulin_,375
analoguePrandialInsulin_humanBasalInsulin_humanBDmixInsulin_humanPrandialInsulin_,376
analoguePrandialInsulin_humanBasalInsulin_humanBDmixInsulin_Metformin_,377
analoguePrandialInsulin_humanBasalInsulin_humanBDmixInsulin_Metformin_SU_,378
analoguePrandialInsulin_humanBasalInsulin_humanBDmixInsulin_SU_,379
analoguePrandialInsulin_humanBasalInsulin_humanPrandialInsulin_,380
analoguePrandialInsulin_humanBasalInsulin_humanPrandialInsulin_Metformin_,381
analoguePrandialInsulin_humanBasalInsulin_humanPrandialInsulin_SU_,382
analoguePrandialInsulin_humanBasalInsulin_Metformin_,383
analoguePrandialInsulin_humanBasalInsulin_Metformin_SGLT2_,384
analoguePrandialInsulin_humanBasalInsulin_Metformin_SU_,385
analoguePrandialInsulin_humanBasalInsulin_Metformin_TZD_,386
analoguePrandialInsulin_humanBasalInsulin_porcineInsulin_,387
analoguePrandialInsulin_humanBasalInsulin_SGLT2_,388
analoguePrandialInsulin_humanBasalInsulin_SSRI_,389
analoguePrandialInsulin_humanBasalInsulin_SU_,390
analoguePrandialInsulin_humanBasalInsulin_TZD_,391
analoguePrandialInsulin_humanBDmixInsulin_,392
analoguePrandialInsulin_humanBDmixInsulin_humanPrandialInsulin_,393
analoguePrandialInsulin_humanBDmixInsulin_Metformin_,394
analoguePrandialInsulin_humanBDmixInsulin_Metformin_SGLT2_,395
analoguePrandialInsulin_humanBDmixInsulin_Metformin_SSRI_,396
analoguePrandialInsulin_humanBDmixInsulin_Metformin_SU_,397
analoguePrandialInsulin_humanBDmixInsulin_SGLT2_,398
analoguePrandialInsulin_humanBDmixInsulin_SU_,399
analoguePrandialInsulin_humanPrandialInsulin_,400
analoguePrandialInsulin_humanPrandialInsulin_Metformin_,401
analoguePrandialInsulin_meglitinide_,402
analoguePrandialInsulin_Metformin_,403
analoguePrandialInsulin_Metformin_MetforminTZD_,404
analoguePrandialInsulin_Metformin_porcineInsulin_,405
analoguePrandialInsulin_Metformin_SGLT2_,406
analoguePrandialInsulin_Metformin_SGLT2_SU_,407
analoguePrandialInsulin_Metformin_SGLT2_TZD_,408
analoguePrandialInsulin_Metformin_SSRI_,409
analoguePrandialInsulin_Metformin_SU_,410
analoguePrandialInsulin_Metformin_SU_TZD_,411
analoguePrandialInsulin_Metformin_TZD_,412
analoguePrandialInsulin_MetforminTZD_,413
analoguePrandialInsulin_porcineInsulin_,414
analoguePrandialInsulin_SGLT2_,415
analoguePrandialInsulin_SSRI_,416
analoguePrandialInsulin_SU_,417
analoguePrandialInsulin_SU_TZD_,418
analoguePrandialInsulin_TZD_,419
bovineInsulin_,420
bovineInsulin_porcineInsulin_,421
DPP4_,422
DPP4_DPP4Metformin_,423
DPP4_DPP4Metformin_GLP1_Metformin_,424
DPP4_DPP4Metformin_meglitinide_Metformin_,425
DPP4_DPP4Metformin_Metformin_,426
DPP4_DPP4Metformin_Metformin_SU_,427
DPP4_DPP4Metformin_Metformin_SU_TZD_,428
DPP4_DPP4Metformin_Metformin_TZD_,429
DPP4_DPP4Metformin_SU_,430
DPP4_GLP1_,431
DPP4_GLP1_humanBasalInsulin_Metformin_,432
DPP4_GLP1_humanBasalInsulin_Metformin_SU_,433
DPP4_GLP1_humanBasalInsulin_SU_,434
DPP4_GLP1_humanBDmixInsulin_,435
DPP4_GLP1_humanBDmixInsulin_Metformin_,436
DPP4_GLP1_humanBDmixInsulin_Metformin_SU_,437
DPP4_GLP1_Metformin_,438
DPP4_GLP1_Metformin_MetforminTZD_,439
DPP4_GLP1_Metformin_MetforminTZD_SU_,440
DPP4_GLP1_Metformin_SGLT2_,441
DPP4_GLP1_Metformin_SGLT2_SU_,442
DPP4_GLP1_Metformin_SU_,443
DPP4_GLP1_Metformin_SU_TZD_,444
DPP4_GLP1_Metformin_TZD_,445
DPP4_GLP1_MetforminTZD_,446
DPP4_GLP1_MetforminTZD_SU_,447
DPP4_GLP1_MetforminTZD_SU_TZD_,448
DPP4_GLP1_SGLT2_,449
DPP4_GLP1_SGLT2_SU_,450
DPP4_GLP1_SU_,451
DPP4_GLP1_SU_TZD_,452
DPP4_GLP1_TZD_,453
DPP4_humanBasalInsulin_,454
DPP4_humanBasalInsulin_humanBDmixInsulin_,455
DPP4_humanBasalInsulin_humanBDmixInsulin_humanPrandialInsulin_SU_,456
DPP4_humanBasalInsulin_humanBDmixInsulin_Metformin_SU_,457
DPP4_humanBasalInsulin_humanBDmixInsulin_SU_,458
DPP4_humanBasalInsulin_humanPrandialInsulin_,459
DPP4_humanBasalInsulin_humanPrandialInsulin_Metformin_,460
DPP4_humanBasalInsulin_humanPrandialInsulin_MetforminTZD_,461
DPP4_humanBasalInsulin_humanPrandialInsulin_SGLT2_SU_,462
DPP4_humanBasalInsulin_humanPrandialInsulin_TZD_,463
DPP4_humanBasalInsulin_Metformin_,464
DPP4_humanBasalInsulin_Metformin_MetforminTZD_,465
DPP4_humanBasalInsulin_Metformin_MetforminTZD_SU_,466
DPP4_humanBasalInsulin_Metformin_SGLT2_,467
DPP4_humanBasalInsulin_Metformin_SGLT2_SU_,468
DPP4_humanBasalInsulin_Metformin_SU_,469
DPP4_humanBasalInsulin_Metformin_SU_TZD_,470
DPP4_humanBasalInsulin_Metformin_TZD_,471
DPP4_humanBasalInsulin_MetforminTZD_,472
DPP4_humanBasalInsulin_SU_,473
DPP4_humanBasalInsulin_SU_TZD_,474
DPP4_humanBasalInsulin_TZD_,475
DPP4_humanBDmixInsulin_,476
DPP4_humanBDmixInsulin_humanPrandialInsulin_Metformin_,477
DPP4_humanBDmixInsulin_Metformin_,478
DPP4_humanBDmixInsulin_Metformin_MetforminTZD_SU_,479
DPP4_humanBDmixInsulin_Metformin_SGLT2_,480
DPP4_humanBDmixInsulin_Metformin_SGLT2_SU_,481
DPP4_humanBDmixInsulin_Metformin_SU_,482
DPP4_humanBDmixInsulin_Metformin_SU_TZD_,483
DPP4_humanBDmixInsulin_Metformin_TZD_,484
DPP4_humanBDmixInsulin_SGLT2_,485
DPP4_humanBDmixInsulin_SU_,486
DPP4_humanBDmixInsulin_SU_TZD_,487
DPP4_humanBDmixInsulin_TZD_,488
DPP4_humanPrandialInsulin_,489
DPP4_humanPrandialInsulin_Metformin_,490
DPP4_humanPrandialInsulin_MetforminTZD_,491
DPP4_humanPrandialInsulin_SU_,492
DPP4_humanPrandialInsulin_TZD_,493
DPP4_meglitinide_,494
DPP4_meglitinide_Metformin_,495
DPP4_meglitinide_Metformin_SGLT2_,496
DPP4_meglitinide_Metformin_SU_,497
DPP4_meglitinide_Metformin_TZD_,498
DPP4_meglitinide_SU_,499
DPP4_meglitinide_SU_TZD_,500
DPP4_Metformin_,501
DPP4_Metformin_MetforminTZD_,502
DPP4_Metformin_MetforminTZD_SGLT2_SU_,503
DPP4_Metformin_MetforminTZD_SU_,504
DPP4_Metformin_MetforminTZD_SU_TZD_,505
DPP4_Metformin_MetforminTZD_TZD_,506
DPP4_Metformin_SGLT2_,507
DPP4_Metformin_SGLT2_SU_,508
DPP4_Metformin_SGLT2_SU_TZD_,509
DPP4_Metformin_SGLT2_TZD_,510
DPP4_Metformin_SSRI_,511
DPP4_Metformin_SSRI_SU_,512
DPP4_Metformin_SU_,513
DPP4_Metformin_SU_TZD_,514
DPP4_Metformin_TZD_,515
DPP4_MetforminTZD_,516
DPP4_MetforminTZD_SGLT2_,517
DPP4_MetforminTZD_SU_,518
DPP4_MetforminTZD_SU_TZD_,519
DPP4_MetforminTZD_TZD_,520
DPP4_SGLT2_,521
DPP4_SGLT2_SU_,522
DPP4_SGLT2_SU_TZD_,523
DPP4_SGLT2_TZD_,524
DPP4_SU_,525
DPP4_SU_TZD_,526
DPP4_TZD_,527
DPP4Metformin_,528
DPP4Metformin_GLP1_Metformin_,529
DPP4Metformin_GLP1_Metformin_SGLT2_,530
DPP4Metformin_GLP1_Metformin_SU_,531
DPP4Metformin_GLP1_Metformin_TZD_,532
DPP4Metformin_GLP1_SU_,533
DPP4Metformin_humanBasalInsulin_,534
DPP4Metformin_humanBasalInsulin_Metformin_SU_,535
DPP4Metformin_humanBasalInsulin_SU_,536
DPP4Metformin_humanBDmixInsulin_,537
DPP4Metformin_humanBDmixInsulin_Metformin_,538
DPP4Metformin_humanBDmixInsulin_Metformin_TZD_,539
DPP4Metformin_humanBDmixInsulin_TZD_,540
DPP4Metformin_meglitinide_,541
DPP4Metformin_Metformin_,542
DPP4Metformin_Metformin_SGLT2_SU_,543
DPP4Metformin_Metformin_SU_,544
DPP4Metformin_Metformin_SU_TZD_,545
DPP4Metformin_Metformin_TZD_,546
DPP4Metformin_MetforminTZD_,547
DPP4Metformin_MetforminTZD_SU_,548
DPP4Metformin_SGLT2_,549
DPP4Metformin_SGLT2_SU_,550
DPP4Metformin_SU_,551
DPP4Metformin_SU_TZD_,552
DPP4Metformin_TZD_,553
GLP1_,554
GLP1_humanBasalInsulin_,555
GLP1_humanBasalInsulin_humanBDmixInsulin_,556
GLP1_humanBasalInsulin_humanBDmixInsulin_humanPrandialInsulin_Metformin_,557
GLP1_humanBasalInsulin_humanBDmixInsulin_Metformin_,558
GLP1_humanBasalInsulin_humanBDmixInsulin_Metformin_SGLT2_,559
GLP1_humanBasalInsulin_humanBDmixInsulin_Metformin_SU_,560
GLP1_humanBasalInsulin_humanBDmixInsulin_Metformin_SU_TZD_,561
GLP1_humanBasalInsulin_humanPrandialInsulin_,562
GLP1_humanBasalInsulin_humanPrandialInsulin_Metformin_,563
GLP1_humanBasalInsulin_Metformin_,564
GLP1_humanBasalInsulin_Metformin_SGLT2_,565
GLP1_humanBasalInsulin_Metformin_SGLT2_SU_,566
GLP1_humanBasalInsulin_Metformin_SGLT2_SU_TZD_,567
GLP1_humanBasalInsulin_Metformin_SGLT2_TZD_,568
GLP1_humanBasalInsulin_Metformin_SU_,569
GLP1_humanBasalInsulin_Metformin_SU_TZD_,570
GLP1_humanBasalInsulin_Metformin_TZD_,571
GLP1_humanBasalInsulin_MetforminTZD_SU_,572
GLP1_humanBasalInsulin_SU_,573
GLP1_humanBasalInsulin_TZD_,574
GLP1_humanBDmixInsulin_,575
GLP1_humanBDmixInsulin_humanPrandialInsulin_,576
GLP1_humanBDmixInsulin_humanPrandialInsulin_Metformin_,577
GLP1_humanBDmixInsulin_meglitinide_Metformin_,578
GLP1_humanBDmixInsulin_Metformin_,579
GLP1_humanBDmixInsulin_Metformin_MetforminTZD_,580
GLP1_humanBDmixInsulin_Metformin_MetforminTZD_SU_,581
GLP1_humanBDmixInsulin_Metformin_porcineInsulin_,582
GLP1_humanBDmixInsulin_Metformin_SGLT2_,583
GLP1_humanBDmixInsulin_Metformin_SGLT2_SU_,584
GLP1_humanBDmixInsulin_Metformin_SU_,585
GLP1_humanBDmixInsulin_Metformin_SU_TZD_,586
GLP1_humanBDmixInsulin_Metformin_TZD_,587
GLP1_humanBDmixInsulin_MetforminTZD_,588
GLP1_humanBDmixInsulin_MetforminTZD_SU_,589
GLP1_humanBDmixInsulin_SGLT2_,590
GLP1_humanBDmixInsulin_SU_,591
GLP1_humanBDmixInsulin_SU_TZD_,592
GLP1_humanBDmixInsulin_TZD_,593
GLP1_humanPrandialInsulin_,594
GLP1_humanPrandialInsulin_Metformin_,595
GLP1_meglitinide_,596
GLP1_meglitinide_Metformin_,597
GLP1_meglitinide_MetforminTZD_,598
GLP1_meglitinide_SU_,599
GLP1_meglitinide_TZD_,600
GLP1_Metformin_,601
GLP1_Metformin_MetforminTZD_,602
GLP1_Metformin_MetforminTZD_SGLT2_,603
GLP1_Metformin_MetforminTZD_SGLT2_SU_,604
GLP1_Metformin_MetforminTZD_SU_,605
GLP1_Metformin_MetforminTZD_SU_TZD_,606
GLP1_Metformin_MetforminTZD_TZD_,607
GLP1_Metformin_porcineInsulin_,608
GLP1_Metformin_SGLT2_,609
GLP1_Metformin_SGLT2_SU_,610
GLP1_Metformin_SGLT2_SU_TZD_,611
GLP1_Metformin_SGLT2_TZD_,612
GLP1_Metformin_SSRI_SU_,613
GLP1_Metformin_SSRI_SU_TZD_,614
GLP1_Metformin_SU_,615
GLP1_Metformin_SU_TZD_,616
GLP1_Metformin_TZD_,617
GLP1_MetforminTZD_,618
GLP1_MetforminTZD_SGLT2_,619
GLP1_MetforminTZD_SU_,620
GLP1_MetforminTZD_SU_TZD_,621
GLP1_MetforminTZD_TZD_,622
GLP1_porcineInsulin_,623
GLP1_SGLT2_,624
GLP1_SGLT2_SU_,625
GLP1_SSRI_SU_,626
GLP1_SU_,627
GLP1_SU_TZD_,628
GLP1_TZD_,629
humanBasalInsulin_,630
humanBasalInsulin_humanBDmixInsulin_,631
humanBasalInsulin_humanBDmixInsulin_humanPrandialInsulin_,632
humanBasalInsulin_humanBDmixInsulin_humanPrandialInsulin_Metformin_,633
humanBasalInsulin_humanBDmixInsulin_humanPrandialInsulin_MetforminTZD_SU_,634
humanBasalInsulin_humanBDmixInsulin_Metformin_,635
humanBasalInsulin_humanBDmixInsulin_Metformin_SGLT2_,636
humanBasalInsulin_humanBDmixInsulin_Metformin_SU_,637
humanBasalInsulin_humanBDmixInsulin_Metformin_SU_TZD_,638
humanBasalInsulin_humanBDmixInsulin_MetforminTZD_SU_,639
humanBasalInsulin_humanBDmixInsulin_SGLT2_,640
humanBasalInsulin_humanBDmixInsulin_SU_,641
humanBasalInsulin_humanBDmixInsulin_SU_TZD_,642
humanBasalInsulin_humanBDmixInsulin_TZD_,643
humanBasalInsulin_humanPrandialInsulin_,644
humanBasalInsulin_humanPrandialInsulin_Metformin_,645
humanBasalInsulin_humanPrandialInsulin_Metformin_SGLT2_,646
humanBasalInsulin_humanPrandialInsulin_Metformin_SU_,647
humanBasalInsulin_humanPrandialInsulin_Metformin_TZD_,648
humanBasalInsulin_humanPrandialInsulin_MetforminTZD_,649
humanBasalInsulin_humanPrandialInsulin_SU_,650
humanBasalInsulin_humanPrandialInsulin_TZD_,651
humanBasalInsulin_meglitinide_,652
humanBasalInsulin_meglitinide_Metformin_,653
humanBasalInsulin_Metformin_,654
humanBasalInsulin_Metformin_MetforminTZD_SU_,655
humanBasalInsulin_Metformin_SGLT2_,656
humanBasalInsulin_Metformin_SGLT2_SU_,657
humanBasalInsulin_Metformin_SU_,658
humanBasalInsulin_Metformin_SU_TZD_,659
humanBasalInsulin_Metformin_TZD_,660
humanBasalInsulin_MetforminTZD_,661
humanBasalInsulin_MetforminTZD_SU_,662
humanBasalInsulin_MetforminTZD_TZD_,663
humanBasalInsulin_SGLT2_,664
humanBasalInsulin_SGLT2_SU_,665
humanBasalInsulin_SU_,666
humanBasalInsulin_SU_TZD_,667
humanBasalInsulin_TZD_,668
humanBDmixInsulin_,669
humanBDmixInsulin_humanPrandialInsulin_,670
humanBDmixInsulin_humanPrandialInsulin_Metformin_,671
humanBDmixInsulin_humanPrandialInsulin_Metformin_SU_TZD_,672
humanBDmixInsulin_humanPrandialInsulin_SU_,673
humanBDmixInsulin_meglitinide_Metformin_,674
humanBDmixInsulin_Metformin_,675
humanBDmixInsulin_Metformin_MetforminTZD_,676
humanBDmixInsulin_Metformin_MetforminTZD_SU_,677
humanBDmixInsulin_Metformin_SGLT2_,678
humanBDmixInsulin_Metformin_SGLT2_SU_,679
humanBDmixInsulin_Metformin_SGLT2_SU_TZD_,680
humanBDmixInsulin_Metformin_SGLT2_TZD_,681
humanBDmixInsulin_Metformin_SSRI_,682
humanBDmixInsulin_Metformin_SU_,683
humanBDmixInsulin_Metformin_SU_TZD_,684
humanBDmixInsulin_Metformin_TZD_,685
humanBDmixInsulin_MetforminTZD_,686
humanBDmixInsulin_porcineInsulin_,687
humanBDmixInsulin_SGLT2_,688
humanBDmixInsulin_SGLT2_SU_,689
humanBDmixInsulin_SGLT2_SU_TZD_,690
humanBDmixInsulin_SGLT2_TZD_,691
humanBDmixInsulin_SSRI_,692
humanBDmixInsulin_SU_,693
humanBDmixInsulin_SU_TZD_,694
humanBDmixInsulin_TZD_,695
humanPrandialInsulin_,696
humanPrandialInsulin_Metformin_,697
humanPrandialInsulin_Metformin_SGLT2_,698
humanPrandialInsulin_Metformin_SU_,699
humanPrandialInsulin_Metformin_TZD_,700
humanPrandialInsulin_SGLT2_,701
humanPrandialInsulin_SU_,702
humanPrandialInsulin_SU_TZD_,703
humanPrandialInsulin_TZD_,704
meglitinide_,705
meglitinide_Metformin_,706
meglitinide_Metformin_SU_,707
meglitinide_Metformin_SU_TZD_,708
meglitinide_Metformin_TZD_,709
meglitinide_MetforminTZD_,710
meglitinide_SU_,711
meglitinide_TZD_,712
Metformin_,713
Metformin_MetforminTZD_,714
Metformin_MetforminTZD_SGLT2_,715
Metformin_MetforminTZD_SU_,716
Metformin_MetforminTZD_SU_TZD_,717
Metformin_MetforminTZD_TZD_,718
Metformin_porcineInsulin_,719
Metformin_SGLT2_,720
Metformin_SGLT2_SU_,721
Metformin_SGLT2_SU_TZD_,722
Metformin_SGLT2_TZD_,723
Metformin_SSRI_,724
Metformin_SSRI_SU_,725
Metformin_SSRI_SU_TZD_,726
Metformin_SSRI_TZD_,727
Metformin_SU_,728
Metformin_SU_TZD_,729
Metformin_TZD_,730
MetforminTZD_,731
MetforminTZD_SGLT2_,732
MetforminTZD_SGLT2_SU_,733
MetforminTZD_SU_,734
MetforminTZD_SU_TZD_,735
MetforminTZD_TZD_,736
nil,737
porcineInsulin_,738
SGLT2_,739
SGLT2_SU_,740
SGLT2_SU_TZD_,741
SGLT2_TZD_,742
SSRI_,743
SSRI_SU_,744
SSRI_SU_TZD_,745
SU_,746
SU_TZD_,747
TZD_,748
